Value,Count,Percentage
Elective,18655,33.612612612612615
Urgent,18576,33.47027027027027
Emergency,18269,32.917117117117115
