Value,Count,Percentage
A-,6969,12.556756756756757
A+,6956,12.533333333333333
AB+,6947,12.517117117117117
AB-,6945,12.513513513513514
B+,6945,12.513513513513514
B-,6944,12.511711711711712
O+,6917,12.463063063063064
O-,6877,12.390990990990991
