,Age,Billing Amount,Room Number
Age,1.0,-0.0038319421186176843,-0.0007202144472245302
Billing Amount,-0.0038319421186176843,1.0,-0.0029427395027475075
Room Number,-0.0007202144472245302,-0.0029427395027475075,1.0
