Value,Count,Percentage
Male,27774,50.04324324324324
Female,27726,49.95675675675676
