Value,Count,Percentage
Cigna,11249,20.268468468468466
Medicare,11154,20.0972972972973
UnitedHealthcare,11125,20.045045045045047
Blue Cross,11059,19.926126126126125
Aetna,10913,19.663063063063063
