Value,Count,Percentage
Lipitor,11140,20.07207207207207
Ibuprofen,11127,20.048648648648648
Aspirin,11094,19.989189189189187
Paracetamol,11071,19.947747747747748
Penicillin,11068,19.942342342342343
