Value,Count,Percentage
Arthritis,9308,16.77117117117117
Diabetes,9304,16.763963963963963
Hypertension,9245,16.65765765765766
Obesity,9231,16.63243243243243
Cancer,9227,16.625225225225226
Asthma,9185,16.54954954954955
