,Age,Billing Amount,Room Number
count,55500.0,55500.0,55500.0
mean,51.53945945945946,25539.316097211795,301.1348288288288
std,19.602453808514348,14211.454430864413,115.2430687009733
min,13.0,-2008.4921398591305,101.0
25%,35.0,13241.224652365136,202.0
50%,52.0,25538.069375965664,302.0
75%,68.0,37820.508435784795,401.0
max,89.0,52764.276736469175,500.0
